Barcode,Total Energy
AGTACAGGAATGGATA,-0.0161035
GACGAACAGTATGCGA,0.00839192
GTTGCCTACTTAAAAG,-0.559979
GCGGCAAAGCTTAAGT,-1.15593
CGGTCAAAGGAAATAA,-0.941979
GTTACAAGCAAATGTT,0.237938
TCGATACATGTAACAT,3.30867
AACCAGGGGTTTAAAA,-0.106829
ATCTTACTTATACGGC,-1.80212
CACTTCACTTTAAATA,0.392285
TTAACAAATATTGCTT,-0.750767
ACATGGTGAATCAAAA,-1.71945
TCACCTTAAGGGTCAC,-0.000455637
TTCAGGAGTTAAAAAC,1.19569
TGTAAATACTGCTACG,-0.04743
ATCATGAAGCTCCAAT,-0.00957864
AGTAGAAGACAACATA,-1.47911
ACCGGAGAGCGCTACC,0.556726
AAAAGACATAATGACA,1.90716
ACGGCAAGCCAAAATT,-0.443949
AATCGTTATTCTTTCT,-0.0121757
CTGATCACTGGACCAT,-1.39543
TGTAAGAATGTCACAA,-0.65461
AATAGATCTACATACA,-0.316709
GAGTGAGTTATTACAA,0.0170393
TACAATGGGACATTGA,-1.76561
CTTCGAGAACAAATTA,-0.132422
CTTTGAGTCCCTTATA,-1.8238
ACCACTGATAAAATAT,0.919378
TTTCAAGGGCTGGCAA,1.73203
AATTCAGCATATAAAA,2.01766
CACATTAACGGTTAAA,1.59075
GTAAGGCCGCTAAGCG,0.0054082
TGTAGACGCAAACCCT,-1.38641
ATTCCCTTTCGAATGT,1.15303
AGTGATTCAGAATCTT,-0.0689049
GGACAAACACTTTTGA,2.24831
CCCACACACATATCAC,-0.724264
GTAACACGTGCAAGTA,0.064874
TAAAGTGAGCTGCTCC,-0.02501
TAATCTGAAATATGCC,1.95479
GGAAAATGAGCAGATG,0.521767
AGAACAACAAATAGGC,-0.171627
AATCTTCAGGCATGAA,0.0334607
ATGGATATAGCCTAAC,-0.304242
TACAGATACAACTTGA,0
ACCTTAGCGAGCATCA,1.08242
ATAATAAGCATAGACA,0
GCGACTAGATAGCTTA,-0.836528
GTAAACATAGATGAAC,0.135489
TATAGCAGAAAACCTA,0.221961
TCGCATGCACTATCTC,0.977574
AAACCAACAAAACTCG,0.27799
AAGAAACAGAACAGGA,-1.71571
CTATACGCCCGTACGA,-1.16525
CTTTCATAAAAAAGGC,-0.0613112
AAGCGTACTGTTAACT,-0.59281
ATAACTCAAATAACAG,0.027772
CCAATCGATACAAAAG,0.36034
TGTTTAAGCATAAAAC,4.9143
AAGCGTCGATTTACGC,0.0245581
TCATCAAAATGATTCA,0.677011
TATGCATAGTAGAACC,-1.28168
TGGCCCCATTGTGTCA,1.21873
GTAAGCCTGGGTACTA,-1.51204
AAATGGTACACAGAAT,0.234499
CAAAATATGGGATTGC,0.0289257
GAAATTAAGCAATTAC,0.0391262
AACCAAATACCTCCTA,-0.536561
CGGTCCGAAATACGAA,-3.36191
TCGGCAATACAATACA,-3.98018
CGTTCAGCTTGCGGCG,-0.969031
GTAAACCTCTTGAGAT,1.07205
CACAAATCAGTTACAA,-1.58821
AATAATGCCAGCCTGA,-2.54133
TACGTTAAGCCTTGTT,0.19115
CATACAGAGACTTTCT,-1.79143
AATTAGTATCTCAGGA,0.714528
CACATAATCCGAAAGT,0.171364
CAACCTTATAAAATAG,2.04328
GCACATGTTCGACATA,0.087636
CCTAAAATATTACGGG,-0.032003
TTCGAACGACTTAATT,-0.0103655
GTAAAATTTCGCCCAA,1.35004
AATAAATGATGCCATC,1.25912
CCCCATTAATCAATAA,-0.797645
TTTTTAAAATCATGTA,0.376907
GATTATTGGACGGCAT,-1.35855
ACAAAGAATTCAATTT,2.09591
TAACAGTGCTCTAATT,-0.229693
TATGACAAAATATGAA,0.599615
TTAATAAGTCACAGAC,-0.388337
ATATAAAATCACCTCT,-1.37484
CTAGAGTTGACTTCAC,-1.00913
AACATCCTCCACCATA,-0.325662
GGGCTTTAGGGGAACA,-0.618
GACTGCCTAACGTGAA,-0.680335
ATCTCCTTAGACGCCT,0
AAGTATTTGGACCAAA,0.0710179
TTTTATACAAGAGTCG,0.491805
AACAAGAGGACACATG,0.69043
TTCAACTTACTAATGC,-0.799464
ATTTAATTTTTCTATC,0.950474
GGGAGAAGTTCTCTCG,0.0233636
AAATTCCACTCACCGT,-0.4043
TTGATATTAGAGTAGT,-0.219229
TACTGTTATCGCGATG,4.23137
TCTCGATTGTAACCAT,1.29778
CCCCTTGTCCGGCATA,-0.0100489
GTCATAAACTATTCTT,-1.60893
AGAATAACTAGAGAAC,-1.29367
AACCTGGATACACAAG,-0.635953
CCAAGTCTATCTCGGA,2.90676
AATGTCAACTATGATT,0.24028
AGTCCAGATTATGGTA,0.546119
CACTCGTGGCTATATA,1.31829
ATAAGTCAAATGTGAT,-0.201238
TCTATGAGGTAAGTAG,-2.72725
GTTTATACGACATCGT,-0.346188
AGTGGAGTGTGAGATA,0.0226345
AATTTCAAGGATAAGG,-0.416232
TGGATCGTGACAATGA,-1.20945
ACATAATTAACTTTAG,0.237323
ATAATTGTGCATTAAC,-0.417304
GCTCAAAATTACATAT,0
CATGATAGGCAAATAT,0
TATGTTAAGAGTCATC,-0.958146
GTGCTAGACTCTGAAA,0.221076
CCTATTTCAGTCAGAT,1.29126
ATTACATAATCACAAC,-3.74965
GCCGACGGAATACGTC,-1.21469
TATCAATGTAATAATA,0.0268944
ACCAGCCTGTGTTACG,-0.0558288
AGCCTTTTAACGATTC,1.72342
TAACCCTAAAATGTAC,1.35872
AAACGTAAAAACAAAA,-0.625774
AGAAACCCGGCGGGGA,0.861658
CGGGGTGTTAAATAGA,0.534688
GGCCATAAAGAAAAAT,1.21614
ATAATTTCTTTTTTTT,0.150662
ACGCTATGAAGGAACA,-0.316154
AACGCCAACGCAACCG,-0.115951
AGATCCTGGTCCGATA,1.34418
CAAACAAAAGCATCTA,-0.0496698
AGAAATGAAAAACTCT,0.0461817
ATAACTATGTATGCAG,2.50479
AAAACGCCTATTTCAA,-2.22306
TGCGCGTTATTGAAAC,2.27593
TGTATCTAGTTACGAT,0.343565
CACGAACGTTCGATAA,0.818068
GTAGACTTCTTAATGC,2.62044
TACCTAAATAAGCGAA,0.60674
TATTCAATCGATCCAA,1.7943
CGACCCTCACTAAAAA,1.31967
ATATATTACTATACCC,0.279956
GAGCGTTTTAGACAAC,0.0294664
ATTCACTTATCACTAC,2.63482
GACATTATGCAAAAGT,0.757752
TATCACTGAACTAACG,0.163608
AGGTTCGGACATGTAT,-0.0381034
TTGAAACATGATTCAC,-0.893856
TACAAAGGAGAACCTT,-1.46068
ACAATACTAATACAGT,-0.498688
GCAACGATATCGGGCG,-0.252496
TGCACTTGTCAGCGCC,0.0339052
ATCCAATGCTAAGGCT,-0.0496698
CACCAACAATCAACAG,-1.59999
GTAGATGAAATCGCCT,1.32344
TTAGACTAGACTTGCT,0.43744
CTAAGCTTACTAGCAT,-0.0685895
TCCTTCACAAATCAAT,0.931039
TAGACCGATGTAGCGG,1.15494
AACCGAATCAGGCTTG,1.8047
TTGCTTCATCACAAGT,0.308363
TCAACTCAAAATGGCA,0.00743901
TCTACTGTGAGATAAA,1.07205
AACTTATACCGATATA,2.45679
CCCAGCCCGATTTTTG,0.0880509
CTATTGAACACTAATA,0.561865
ACAATCAATAAGGCAA,-0.0620427
TAATCCCGAGCCATTC,0.0143981
TCAATAAATTTATAAT,0.22584
ACGCAAATTCATACCC,0.770472
CTGCCGATGAACACTA,1.35588
TGGTTAGTCCACAAAT,-0.123126
GGTTCCAGAAAACGGC,-0.0959963
AAGCGCTACTCCCTCT,-0.0205311
GCCCAGAGGGTAAAAC,-1.62431
AAGCAATATGTCCGTA,0
CAACATTGCGACACTC,-0.344562
GACCTTCCCTTAACTA,-1.23943
CCGACACACAATTCGG,0.575469
TTTTTTTTAAGGTGAG,-0.227316
AAAAGTATCGAGTCTA,-0.124731
CCCATACGACGTAGTG,0.138829
AAAACTTATTCGAACA,0.0631609
ACACCATAGTTCAATA,0.0589161
CTAATGGGTAAACAAA,2.66925
TGAATTGTTTTCCGAA,0.906085
CAATCAACTGACTTCC,-0.394576
TCCAGCATTCTATATA,0.23365
AAGCTGAAAAACATTA,-2.35694
CTAACGATTTATTGAA,-1.44015
TATCTGAGTTTCAGAT,1.2616
ATGGCGAGGAAAAAAC,-0.00508642
AAACAGGGTAAGTTAG,-0.0421777
TAAAATTAGATTATGA,-0.0333151
GATCCCCCTCGAGGTC,0.763776
GTCGAATTCGTAAAAA,-1.11469
ATAATCGTTCTCCGGG,-1.32529
CCAATGAACAATGAAT,0.437004
CTCTCATCGTCTCTTC,-0.57195
CTGATGTTGTCTCTTT,-0.218272
TGGGAAAAAAGCAGAC,0.251461
GTATGAACAACTAGTT,0
TCCGCTATTAGCCTAG,0.864634
AGGAACCATATCTGGA,-1.36215
AGGCGAAACCGAACCA,1.86717
AATATACTCACTTCGA,-0.899447
AGCCTAAGTATGAAAA,0.491805
CTCGCATCCAACTACA,1.54293
ACGTTGCACGTCAAAA,0.135489
GACTCAGCCATCAGAG,2.14939
GCGAAAATGAATAGGT,0.00832654
CTCACATCATGTTAGA,0
TATACAGAAATGCAAT,-0.0429819
ATGGGCACTTTCAAAC,-0.176696
ACAACACTAAGCCTCC,-0.17036
AAAATATTGTCCATAA,4.44512
AGTCGTAATGTGGTAA,0.394416
AATTGGAAAAGAAGCG,-0.441834
GACTGCTATATGTATG,-1.02434
ATAAAACCAAGAATGA,-1.1357
TATTACGCACCCCAGC,0.100419
TCATCTCAAACTAAGA,-1.26523
CTTGAGAGTTGGTCTT,0.0207137
AACAGTATACGTTATT,0.22309
CGACCATGTAAACAAA,-1.10148
ATAGCCAACTAGACCT,2.05659
ACATTCCGCTATTTCC,-1.16057
GACACAGACTTAAGTA,1.53621
TTATATGACTGCAACA,-0.00413924
AACACCGGACACAGAT,0.0513672
AAGCTAGAATAGAATG,-0.0435832
ATCAAGTTAAATTCTA,-0.186472
ATTGTAGAAATTAGCG,1.67352
ATTAGCCATGTTAAAA,0.0290833
CTACTAAAAAGGTCCC,-1.60403
AGTGCGAGCTCAAGAA,-0.0605558
GACGGTTACCCAGAAT,-1.78183
AATCAATTGAACTCCC,-0.0631361
GCTAGTCTAAAAGGCC,0.760588
AGTGTGTATGAGATGC,-2.40103
CCTAGAAACGCGTCTT,1.49597
AGCAAGTCCGACATGT,0.81617
AATCATGGGCCCTCCC,2.28773
CTATCTAAGCCCCCAA,0.730973
ATAATGGTTATATATA,0.228273
AATTGAGCAGCTAAAA,-0.981232
GGGTCAATCATAAACA,-0.0071972
GATAGTAAGTGACATT,-0.680335
TCCCAGACCCTAATGA,0
TCATACAAGATAGTGC,2.78991
TCGCGCACATATCGGC,0.120116
CGTTTATACGACGTAC,0.879579
GAAAGTTAAAAGACAA,0.629431
ACCCAAGAATTATTAC,0.399481
AAAAAGGAAGTATTCC,0.659953
ATGAACCATACTATGT,-0.409517
TATTTGCTACTTTATA,1.31776
AAATACCTGGTTAAAC,1.8047
TAATGCTCAGGTAAAT,-0.660844
GCACAGCTTACAACTC,-2.72093
GTCCACCAATGTACTA,1.74074
ACCTCACCGCCAGTCC,1.65656
TATGGTTTAAATCAAC,0.730644
GCAAATGGCATGATGC,3.13306
GTAACGTACGCACCAA,0.0727604
CACAAGGTCCAAACTC,1.56871
AAAGCCAACCAAAGCA,0.376907
GTCACTAAAGATAACC,-0.458446
TATATCGAAAAATCCT,-1.8002
TAACGTCACATAATTC,0
AGACACCAATTACACT,0.175893
GTTTGAGCAAAAAACA,0.0263474
CAAATGGTCAAGGCTA,2.81817
ATTATGTGACGATGAG,1.44831
CCTATAGAGTAATGAA,1.83062
GAGAATCAATGACCTA,-0.158039
AATTAGACCGGTACGT,0.552463
AAAGTTCATTTTAGAA,-1.42422
AGAGATAGCAGGTAAC,1.36309
TCCCTTTCTTAAACAT,2.01766
GACGTTTCTCTTGGTC,-0.316154
CCAGCTACACCATATA,-0.378308
TGTAGCCATAAATACA,0.61106
GGAAGTAATCCTTCAA,-0.187296
GTTTTCAGAACACATG,-0.0655162
AAGACGGCCGCTATCG,-2.67269
TATGAAGGAAAAAAAG,1.32776
AACACTAACCAGTGGG,0.127712
TAATGATCGCGGTACC,-1.3318
TTATTTTTATTAACAA,1.95242
GGGTCACTAACCAAAA,3.43718
TGCGTAGAAAGGTAGC,1.44125
TGAATACTAACATTAA,1.74136
GACTTGGAATGCTAAA,0.00916374
TCTAACGGAATGATTA,-0.00311446
AGAAGATTCCAATGTC,0.225778
TTTTAACTAGTCCCAG,0.352982
CCGCTCATACCCTAAG,0.279497
ATAGTATAATGAGCCC,1.0689
TCATGTAAAGATTAAC,-1.59074
AGCATATGTAAATCTG,2.04593
AAGGGCCATGTCCCCA,-0.965223
CCGTTATGACTGACTG,-0.118024
CTAAACCACAATCAAA,4.36119
CAACAGGGACACAGCC,0.730415
ACTCAGGTAGGGGATT,-0.565504
TTACACACACAGAATA,0
GTCAAAGCCAAAATAG,-2.27777
CGAATATAAAAACACA,0.918046
TAGCAAGATCTGTAAC,-0.916186
TAAAATTTCCCCGCAT,-0.638856
CAATTTTCATAATTAC,3.63641
GTAGCTGCTGGTACGG,0
ACTCATATAGCCCCTT,-1.91003
GTTTGTAAAAATATCC,1.23679
GATAAAACATATAAAA,-0.178737
AAGTTTACCTAATTCG,1.51974
ACCATAGCAGGGTAAC,0.918046
AGCTTTCGAAACCAGA,2.00593
TTACATTAATACGCTA,-0.123126
CACGAAGAGGACACAT,0
GTACTCCCAACCGATA,-1.5901
CTAGTAATTTAGACTT,-0.135445
GCCGTTGTAATAATAT,-0.271683
TAGCCAATATTAATGA,-1.08415
AATATTATAGCAGAGC,-3.20225
TTTATAAGGTTAAACG,0.873273
AACTTTCGCGTCTTTT,0.0746272
ATCCACACAACGTTGT,-2.44484
TTAGCGGAATACCCTT,-1.02756
ATATGTGACAATCAGC,0.252002
GTAAATTAAAAAACCA,0.353566
CGGCGCAGGCACCTCA,1.02679
TATGTTACAACAAAGC,0.0387736
AAGTGCCCGCTAAAGA,0.0750846
CTAACACTAAATAAAA,-0.322101
AAGGTCGAAATACGAG,0.0759334
CGTACACCGCCGGATC,-0.0757574
AGTAGACGAGAGTGGC,3.10978
AACATAGGGTTTGCGC,0.43744
TTAAAAGAAGACATAC,0.689871
ACACAGGCTTGAAACC,-0.523253
CAATGGGCGCATAACG,-0.103295
TGAGCTATTGACATAA,-0.598195
ATTCCTAACGAAAGAA,-0.575038
TAACACCACTTCAATA,-0.142735
GTACTTCCGGTAATTC,0.114997
TTACTTACAAAGAAAT,-0.680335
GTAATGACTGTGAACA,-0.995214
CTGTCTAATTCATTGC,1.14509
ATTGTGGTTTCAATTG,-0.119507
AGTTTAATCCGACTAA,-1.31198
CACATATCTATTGTTT,-0.813381
CCCACACCTAAATGAT,2.84779
GTCTACGACAAATCAA,-1.81465
AAATGAGAATACATTG,1.58313
CAAATGACGTTGCTTA,-0.0831551
TCAGACTAATGCCAGA,-0.0190936
TTTGAGGGACTGTTAG,0.0160495
TTTGGCATATATTAAA,-0.091469
AAACAAGCTTAATAAG,0.259388
CAAGAGCCAAAAAATG,-0.134584
CAGGTGCAAATCTATG,-0.799464
ATTTAATGCGATGCAA,1.5691
TTAACTGTTGAAATAA,0.852359
ATCCAAAGAAATCGTA,-0.290708
TCGACATTGATACTAT,0
TGGACAACGTATCATA,1.59248
TTCATCCCGCCTCCCT,-1.4038
TGAGACCCGAATAATA,1.31829
GGAAGTGTTACTCTCC,2.08558
CCTCGCTTACCACCCT,3.02266
CGGTAATCAAGCGCTA,-1.76991
TGGTCAAGATATTTAT,-0.905222
GTATTTACTTAAAGAA,-1.80247
TGATCGGGACTTAAAA,-0.00727366
GTAATGAAACTGACTG,0
TCAAAATTTTTCAAGG,-0.371165
CTTCAGTCAAACGGGT,0.50218
AATGAACGCGTCGTTA,-0.0341327
CCTTAGTCATAATATA,1.84786
GAGCGTATCTACTATC,-3.53232
TGTGAAAAATTTAACA,-0.393503
TTATCAAAAATACACT,-1.79985
CATTGGCAGCCCAATA,-0.270875
CAATAACGTTGGTCAA,0.578031
ATCACGATACGTATCA,0.007291
CGGGCCTAAACATATA,0.237938
GATAAATGCTGGAATT,-2.22252
AGGACTCCCTTTAGGG,0.691335
AGTTACAATTAATTCA,0.428162
CCCGAGAGAATAGGTG,0.806454
TAAATCACCCCAAATA,0.416284
CAGTAGCCAAGACCTG,2.65242
AACTAACCAAGGAAGC,-1.14232
ATCTACTTTTATTTGC,0.414833
TATAAAACCATAAATG,-0.036659
TGCTCCTTTGCAACGT,0.612929
GGTTTGGTGCCATAAG,1.86026
AACAACCTATCTGGAA,2.27374e-13
AGACCGCACCGTACAG,0
TAAGGGAAAACCAATT,0.0737629
TTAGGGTCCGCACGGA,0.0262139
CACCGAAGCGCTCGGA,-0.040511
TAACAAGCATTAGGCA,-0.0978228
TACGAAAAACGCTCGA,0.735189
ATGAGACTAAAAAGAA,0.319728
AAGACTACGAAGTATT,-0.153045
AAAGAGTAGCGAGGTA,0.201576
GAAACACAATAGCAAT,0.636165
CTAATATCAAGGACAC,-0.583314
CTTTAAATTAATCGCC,-0.0699689
TACGGCGTCACATTGC,-0.594488
TATTGTTTTGCAGGTA,0.838204
TATTTAGAATGGCACA,-2.89013
TCACAAACGTATATAT,-0.0499074
GAACGCACGTAATGAA,-0.0287999
GCATGATCGAAAGCAG,-0.424823
CCGTTAAGATACAAAA,1.5691
GCTATTAAGACCACCT,1.00099
CAAATACGCAAAGTTT,1.11904
AATGCTGTTATAAAGG,0.459643
AATGTACTTTGTGGTA,0.391151
GCTATGTTTAGGGCAG,1.55568
GGCGGTAACTCCGCCT,0.491805
GGATTCGAATGGTAGT,-0.110006
GGCCAGACAGAAGGGA,-2.799
TTTACTGATTTGATAC,-0.092062
TTAACCTTATACTGAG,0.454462
GGACAGATTAATCAGC,-3.4435
AAATTGTATAGACATT,0.402483
GATAGGTTTAGAACTA,2.43531
TGCAGAACGAAGTCCC,-0.966395
TTAGCTGAAGGACAAT,0.81617
TATCAGCCTAAGCTCC,0.0761947
ATACAACAAATGCAGG,0
GTATCTTCAGAACACC,0.347126
TTATAAGCCGAAGGGC,-2.2236
GTACAGCCTTGAAGCT,2.49401
TGGCTACATTGCCCAC,0.252603
ACATTTAGCATAACTG,1.20998
TGAATAAAAATGAGGT,0
GCACTGCGGCGGATGA,2.03903
AGACTGTTTAATAGCT,-0.176706
ATTTGGCTACCGAGCA,2.58993
GAAACACATTTATTGC,-1.26164
TCGTCGCGCCAGATAA,-0.0106214
ACACTATCATCATAGT,-1.33429
TATTTAAATCATCACA,2.32876
GGTCGTACCAATAAGT,-0.454683
GGACGATGATACAACA,-0.363561
CCTGTTTTACACATAA,1.35233
ATCACTCTGATAGGTA,2.21198
ACAAATACATTCATGA,-1.06791
AGGGCACACGCCATAA,1.95939
CAAAATACATTAATCA,-0.716111
TAATTATAGATACCCG,0.127712
GAGATCATCCATAACC,-0.0649979
GGTCTGATTAGCCCCA,-0.260726
CAGTTGGTGTCTACGC,1.28445
AGAATCACCACTAAAG,0.252002
GAGCACGCAGAGTTAA,0.532163
CCATTTAGGAAATGAC,0.879
GTAGACTCTAGGGTTT,-0.652414
CATTTGCTGCACCCGA,-0.13182
TTAATGCATGTTTGCA,-0.267375
GTATCATGACTCATCG,1.21568
CAACTCGAATAACCTT,0.00427853
ATACCGATATGTAAGG,4.3103
TAGACATAAAAGCAGG,1.51873
CTTTCCGCCCATTACA,-1.67175
CAGCAATAAGAACTGC,0.536268
ACTTGGTGAATCACAC,-2.45002
TCGCACTCTTATTCCA,0.205987
ATAGTTCCCGAAAAAA,-0.0230123
GACATCATCCCGTTAC,-0.0225342
GCCCATGCTCTCGTTT,-0.0223953
AGATGCATAAGCTTAA,0.27447
AGCATCAAGTTATAAG,-0.752206
GTAAAGATAAAGAACA,5.11475
GCTCACAATCTCGGTA,0.6315
GCGGTTAGTTTTCGCC,0.496164
TGCGAAAATTTAAGTC,-0.0300088
AATACCAGTAGTATTC,0.087636
GTAGAGCGAAAACATA,-0.784646
CACAAAGTGATTTCAA,-0.413473
CGGCTGGATCAGATAG,-3.30778
AACGAAGAAAAAGAGT,0.0104273
TCCCATTTATCGCGAA,1.10868
TGACCCTGCATTCCTC,-0.366399
ACCTGATGTCATAGAC,-0.267133
AGAGGACGGATAAAAC,-0.0385794
TTTCCACTATGTTCCT,-0.845376
AAACACACTGAGCATA,1.0746
AGACGTACTTCAAATA,-0.119633
AGAATGCCTTTCGTAA,-3.05939
ATTACATCATCCAATG,0.366715
GTAGGAAATCATTACT,1.52024
GAGAACCAAAGGCTAC,1.0531
ATACTCAATACCCGAG,-1.38339
CATCGACATACTGAAC,2.40164
CTTATACGTTGGTGAT,1.74271
CTATGATAGATTCGTT,0
CCAAGAAATCGATAGG,-1.56671
GTAACACCCCTCAATC,-1.40845
ATGAGTTTCCTCTCAA,0.223662
TGAGCAGCCATAAATA,-0.829904
GTAAGCCTGCTCTCCG,0.408884
AGTTGAAAAATAAAAC,-0.418339
AATCATGACCGGGCAA,-1.41339
CGACGACTCACAAGCA,0.100419
GGGAACACGAATCGAG,-0.964676
CAAAAATGTACATTTA,0.165091
AACCAATTGTCCAATT,1.54605
TAAACATCCGCTAGAA,-1.01723
AAAGTGTACACTTTCT,1.73722
ATAGACTGCAAATAAA,1.84788
AACTTAGTTGACACGA,1.69942
AAAGAAATGGTTCGAA,-3.44961
AGTACTATCAGGGCGT,-1.87626
TAACACCGTATATTGC,-0.225215
TCACGTGGAAATGAGA,0.541121
TAATTAAATTCATACA,0.00428027
AATATATCTCTTTGAA,0.160013
ATTTAAATTCAAATAC,-0.180013
GCTATACCGAGACAAG,2.75184
GCACCCCGTTGCGCCA,-0.224039
AATTCAAGTAAAGAGC,0.437737
ATCTGACCGAGTCGAA,-0.0238225
TTTCCTATAACCATAA,-0.890018
TACAATGTCTAACTAA,-0.117241
ACCCAAATTCATTACT,1.24541
CCTTTATAACTTCTCA,-2.26066
CAACGACCAGCTTTCT,1.80913
TTTGAGATTACAAACA,-1.04283
CCGAAAGTATACACAA,0.00383341
TCGTAAAATAAAGAAA,0.0815352
TAACTGGATCGGCACG,2.02298
AACGCCTCTTGATTAC,-0.373993
GTGATGCTATTAATTC,-0.0976824
ATGGGTGACACATGCA,0.99691
TCTATCAAGCAAAATG,-4.06477
GTAAACTACGCGCGAG,0.341117
GACTCCTAGACTAACA,-0.54621
AACCCAAAGTTCAGAA,1.60685
TAAAAAATGTATCCTT,1.70135
TTAAGTCAGTTTACAA,-0.249305
TTCAGCTATAAGATAC,-0.102258
GACAACACAGTCTCTG,0.707779
GCTATATACCTAAAAT,-0.0353332
ATCCTATGCCTGTATA,-0.0320037
CGAACGGCAATTAGGG,-1.75184
CACGCCTGAGACATAA,0.734697
TGATCACATTATGCAT,1.16898
TTCTTATAAAAGATTT,0.691335
TAATCCTTATAAAAGA,-0.111185
CACATCCTAACTAATT,-0.0655162
AACATTTGATAAGTTG,2.05275
ATTTTAATAACAAATT,-1.19931
TAGGTACTCAACTTAA,0.353838
ATGAAGTAAATTATAA,5.89422
AAGAGAACGGCTATTT,2.48265
TTTCCCATTAGCATGA,-0.0252571
TTGCCCCAGCTTCCTA,0.22417
AAACCAATTTATCACA,0.682918
AAGGTGATTCCGAAAA,-0.029067
AAATCACAAATCTGGA,0.823577
CCTAATCTGGGTAGTT,-0.312766
ATTACAGGTACACGTT,0.016994
AGAAGGTAAACAAGTT,-0.226665
ACCCCTGACTAACTTA,2.40493
GCGCATAATATCAAGC,0.448734
ACTGGCCACACAGCCC,-1.06085
GCCGTCAGACATTCAA,-4.19957
TCATATTCTCTATGCG,-2.03284
TTTAAATGACTACAAT,-1.8238
ATTCAAGATTATATTA,1.86304
GAGCCTGAGACAAGGC,0.23883
TGAGGTTGAAACCCAT,1.40523
GGACTAAATTGTCCTT,-0.286449
TGGGTTCGATCACAAC,7.60514
AAATTAACAGTAAAAT,1.12338
CTAGCGAACATTGTAA,0
CCACCTAGCCCTTGTC,-0.598938
CTTCGACAGGGAAGGT,0
GCGGCGAGGTCAATTG,1.91497
TTTAACACAAAGGAAG,2.26639
CACACTCTCATAACCA,0.0113049
ACGCGGTACTGCATCA,-0.99771
CAAATTCGAATAATGC,-0.00262763
ACGCACCGCAAGGCTG,-1.62163
CCAACGAAGAGGGTCC,-2.26301
GCCCAATTTAATTAGC,-0.0308443
TTGCACAATATGCCAA,1.8482
AATGCGATGAGGAAAA,0.579624
AGTAATAGACAATCCA,-1.38858
ATCCGTTTAATAGCAG,-0.620315
ACCGATTAATACACTC,1.61568
AGTTTACGGCCAACAA,-2.27374e-13
CATAAATATAATCTTA,-0.0227109
AATTTCCTCGAGTAAA,0.345787
CGGAGTCATCATCGGC,-0.252421
CCGAGTTATAACACTT,0.977574
AGACTAATAGAATCCT,-0.0747937
TTTATCAAAAGCTAAG,0
AAGCATCTGAACTTCC,-0.0606073
CCCCACAAACATTATC,0.969093
GAAAATGTAAATCTTA,0.970992
CAACAAACGATTTGCC,0.599089
TACGAAGGACGCCAGT,-1.53939
ATGTTTTACCCTAGCG,1.89985
ATACAATGTCTCGGTC,0.891229
CGAGTTCCCTATGCAA,-0.0955407
GATAAGTGCTAGGTTT,0.150405
AGGGGTAAATAAACCG,0.734344
AGAACGGTCAGCACAA,-1.5312
CCTAAAAAAACATGTG,-0.345269
ATTGCACAAGGATATG,-0.188129
ATCAAAGTTTTTGAAA,-0.915805
AGTCGGACAGGAATTC,-1.62285
TCAAAACACCGCTTAG,-1.31234
ATGATGTTAGCCGATA,0.215767
ATTGAGAACTAGAGGG,0.0294664
GCGAACAGGTTCCCCC,-0.0417676
CACATAGCAATGAATT,0.0687875
TTCCCTAAAACTGGGG,-0.311727
AACCACTTACAAGTAT,-0.207614
TGACTGAGGCAGCTAA,-1.57575
ACTTTATTGCAATCTT,-0.0146185
CCCGTTACTGGTGCAA,-0.0158004
GCATGCGTGTATCCGC,-1.74471
GTTCGGCCTGTAGACG,4.76547
CAGGCTCCCCATAATG,1.52808
CACAAAACCACACACG,-0.207178
AATGAAGAGCGAACAT,-0.0209832
GAAGCGTATTATCCCT,-0.292493
CACCTACAGACATATG,0.544799
GCAGTGCCGGCGGCCC,0.295538
AACACTTTTGAAGAAC,0.241391
TGATCAAAAAGAACTG,1.12311
CGACCTTCGAATACAG,-1.71604
AATAATATAACTCCCC,-0.0596191
TATAAGGCTAAATTAA,-0.011483
TATATATATAAAAAGA,-0.648666
GCCTGAGGGTTAAATT,-0.569977
CCAGGCGCCTCAATTA,-1.20945
TAGCCAAGACATCTTA,0.150405
GAAAAATTTGGGTTCA,1.03464
AGATAACACAATCCCT,-0.830035
GGAAGAACAGTATCGC,-0.905222
ATGCGTAATATAACAA,1.80979
ACATTACCACTAGTTA,2.01766
GATCCACCCGGACATT,-0.0683225
CGGTGATGGTTCGAAA,1.12524
CCTTAACTAACCAGGA,-0.344215
GCTTAGCAAAGGCCAA,-0.0417148
TAGCGCTTAAACTCGT,1.1799
AACACGGGGATACCCG,-1.61287
CCTATACAGAATGAAA,1.433
TAAAATGGGACCTCAT,0.912215
GTACAGAAACGTCAGG,-0.628547
CATTCGACAATAGTAT,-1.04837
AAAGTAAATCTCGATA,3.06505
TAAGATAATAAACATT,0.0510569
TCTACTTTGTTTTAAT,-0.170152
ACTCAACAAATCAAAT,1.05491
AAGTATCGCACTCCAT,0
AGAACTTCAAACAAAC,-1.76263
ACTAATTACCAACAAT,0.0321179
CACCCGAGAGAATACA,-0.51242
GTCCCCCCTAAGATTT,-0.602534
ATTTGATAGAATCAAT,0.67313
TAGTAACGATAACAGT,-0.0286835
GTAAATCATAAATCAT,-0.123126
CAATAGCTCGCGGATA,-0.484978
GGTCCGGCATAATCCA,0.602194
TTCAAGAGAATCACAA,-1.97624
GGACAAACTGACTCAC,0
ATAAAACGGAGTGGCC,0
ACTCTGACTACCGAAA,0.225778
ACTTACAAGAATCTCA,-0.224039
TTCCTCCTCATATTAT,1.74961
CATACTCGAAAAGATG,3.08957
TTAGCAAAGGCAACAG,1.6549
ACTTATCGCGGCCCAA,1.72649
AAGATCATGAAAAATG,-0.352509
GATGCTTACCAACGAT,0.304222
GGATCAATAGAGCTGG,0.770574
CAGGAATAATTAATTT,-0.107686
ATAGAACTGAGATATA,0
AGCCCACTAACTATCT,0.0775481
CTATGCCGTTAATCTT,-0.188278
ATAAGACCCCGTATGG,0.455819
AGTGACCACCATGCAA,-1.62999
TAAGAGGCCAGGAGAT,-0.742701
TATTCGTCATATTACG,1.90478
CAGAGTACCACTTGTT,0.027283
AAACATTAAAGTCTAA,0.759729
TACTATGGTCAATTCA,1.18715
TGATATAACAAAAAGT,0.378998
GGCACTTATATAAGAA,4.27303
AAGTACTCCTGGGCGG,-0.285116
ATGTAGTCACACATTA,-0.440123
GAATGACGTGTTCAAC,2.01766
TTAACATGGAACTTAA,0
GCTATATAAAATAAAC,1.16674
GGTTTATCACAACAAA,0.221033
ATTACAAATCAGGAAT,-1.96349
TTTAGTGCAATTGACA,-3.13307
GTTGAGACAAGCATAA,0.214174
CACCGAGGTTCGCCAA,0.0290833
GATGGCATAATGAAAG,1.55568
TAGAGGACAGGAAATG,0.0844577
CAGAAGAGCATCCCGA,1.5096
CTATCCTGTAGAAACA,-0.376368
ATAGTGGGAAGCCCAA,0.953744
CCCAAGAAGTAACATA,-0.557432
CACAATCCTTACGGCG,0.216413
AACATTGATGTAACAA,-2.13888
GTTACACCAATTTAGA,0.805345
GAAAATTCGCCATCAC,-0.0841951
CCCAACCACATCTCGA,0.119067
TGATACACGAACATAG,1.47423
TCTGATACCAAATTAC,2.33123
CAGTTAAATCACTCAC,-1.9447
CAACCAATATTAACGC,0.633172
AACGGCCGACCCGCGA,1.48987
TGTCACAGTGATCGAC,-0.0163114
CTTAAATAGTTCTAAA,-0.474565
CTGGTGTAAAAATACG,0.0365046
CACCTTTGATAAAGAA,1.55774
CCGATCAAACAGAATC,-1.92918
ATGAAAGTGCATAATA,0.435613
TAATATAACAGAATCA,0.493547
TTGTACAATTCAAGAT,-2.08679
CGGCTACTTCTAGTAA,0
CAAAGTACCTACCTAA,-1.6649
CTGCCCGAATTGATGT,-1.6828
CATTATTTAAGTAGAA,0.758744
ATAACCTACAGAGATA,-0.041735
AGATAAACTCCACTGC,-1.71633
TAGTCACAGTCTCCAG,1.26785
ATGACCAGACCACTTT,-0.12983
TTTCCACAGACTTGCT,-0.30669
AAGCATACTTAGCGCA,-0.0689049
ACTAAAAATGTACATG,0.704045
CTACATGACATTAGAG,0.0918775
AAATCTAGAAATGGAG,-0.000924835
TCCTAATACATATACA,-0.356067
ATACTCCACGAAGTCA,-0.822335
TTCGTCACTAGAATGT,0.00660555
TACGGAAAGTAATATA,-2.12627
TAACGACATGCAGCAA,-0.329009
TAGGGGTGTTAACAAA,0.0285306
AAGAAAAAACACTATA,-1.18412
GGGGCTTCAATCCCGC,2.58763
TTGTAACGTCAGACCA,-0.199174
ATTTACAGAAGCGACT,0.109516
ACACGATATGAGGACC,0.156386
TAACAACAGAGTTAGC,0.470697
GTATACCGAAACCTCC,-0.0456553
TTAAGTCAGCAATACG,-1.41618
AAAGAATAATTTATGG,-0.371165
GTTTAAAGACGACTAT,-0.526496
ACAAAAACGGAACCAT,1.15505
ACGTATACATATACCA,0.736425
TGGAGGTCCCCTCTTA,0.23601
GCATTGCCGCAGAATT,0.0918775
CTTTTTCGACTGCATA,-0.293702
ATTCTAAAAAGGAATG,-1.62163
ACATGAATGAAGTAAG,1.78352
CATCATTCTCTAGTAT,0.390397
CGATTAAGCCCACCGC,0.455508
TTTACATCGTATTTAA,0.408904
CCTACCTAGAATAAGC,0.72682
GTTTGATGATTTTGTA,2.98973
AACCAAAAGAACATGG,1.52854
ATTTCGTGTGCCAAAA,1.38842
GCGACTATGCATTTTT,-0.0718128
AAAACGTTAATACTCA,-0.336934
TTTCCAGCAAGGGTCG,0.715693
AACGTCGGAGCATTAT,0
CGCATCAATATTATAG,0.488162
CAATAATGTGTTATAA,-1.81249
GTAGAAAACACGTGCG,3.33274
GAGCGCTCTTGTTAAC,-0.0925526
TTAATGCCCTTGTAAG,0.16877
TTAGGAGCTAAAATAA,0.192967
ATCTCCTAAACAAGGA,0.964674
ATACCCCATTCTGCTT,0.0616929
CCAGTTCATATTGAAT,0
AAATACTTTGTATCCT,1.06032
ATAGTGTTAGCAGTTC,0.505796
TCATCATAAGAAGACC,-0.365757
AAACAATAGTATAACC,-0.0417148
TAAGAATTGTTCGACT,-2.87512
ACACGTTAGAACGTGG,2.7532
ACGAACCCATATAGTT,-0.0154164
AAAAACTTAGCGCGCA,-0.351255
CACCCCACAAATTTCC,2.28863
TTCACGGGCTGGTCGA,0.989104
ATTGCTTTAAACAAAG,-0.721509
CATATCACCACCGTAC,-0.625263
CGTGAGCTCGATGTGA,-1.35855
GGAAAGACCTATCAAA,-1.63678
TACGTCCATACTCTCC,1.73203
ATATTATAACCTAATG,-1.70253
AACACACAAGACAAAA,-0.0547563
AGTTCCGCTACTTGAC,1.80709
TCCGATAGCAATTCCA,-0.659829
ATAGTGTTTTACGCTA,0.0609152
GAGTTTATAAGACTAA,1.44625
TTCTAAAGATCGAATA,-0.022872
GCAAAGAACAGGTAGA,-0.909332
GGTCACTGAAGACAAT,2.60427
TGATAACATTTATTGT,0.266434
CCCTTAACAAATATAA,0.0112474
GAGACCGCATATACCA,1.18257
TATTCCCCCTAAAAGG,-0.0840384
GTAAACAATTGACAAA,1.1554
GGAACATAACTTTCCC,0.23365
ATAAAGATCCGAACAA,0.422111
CCCTGAAATGACGTTA,1.15919
GACATGCTAAACTGCA,0.00349704
TTTAATACCATTGTAC,1.40853
TAGATGTCCAGGGACA,-0.0139807
CTATTGATAGCTACAG,0.718035
AGTCATCTTCATAAAA,-0.100098
ACCGAAAACAGAATAT,2.03301
TGCTTCAATTCAAATG,-0.134434
TTTAGAAGGACAATAT,-0.0694603
GTGCTGATAATAATAT,-1.19911
AGCAATACATTCCTTT,-0.908915
CGGGTAGTAGGTAACG,-0.695763
TCGGGCACACCCCGTT,1.5691
CTTCTGAAAACTTTGA,0.0252364
AAAGAGTTGTAGTCTA,1.77301
AAAGTAGAACAACCAC,-0.238507
GGGGGACTGCATAGGG,-0.574435
CCCATATTATGACGGT,-1.08773
TTCTCTCTGCATAATA,0.0488083
TGAAGAGGTGCGTGAT,0.394488
CAACAACAAACTATCC,-0.102739
TGTCTAAATCATATCA,0
ATTCAACTCGTTGCTC,-1.24762
CTTATTGGTGGATAAT,0.93061
AACCGAGAATAATTTA,-0.400624
TTACCGTAAAAGTTGG,0.0350568
TGAAATACTGATGTAA,1.16197
GGTCCATACGCTTTAT,-1.2614
AAACTTACTGAGCACT,0.780972
AGCGAGCGCACCGTAC,2.55887
TGCATTCGAGAAAAAA,0.61106
ACCCGCTTTAATATAG,0
TTTCCTTCCGACCCAT,0.37312
AAACCTAAGATGAAAC,0.0535108
CTACGAAGCTAAGTAC,2.46098
AAATTGGTAGATGTAA,-0.319819
AGTAGCAAATAATGAT,1.45966
ACTCGATAAGCTATTA,-0.0223227
CAGACCTATGTCAAAC,-1.35855
CTCCGTTAGTCTTCCC,0.365156
TCAATATAATCCCACA,-0.765973
TAGTGATGACGAACAA,-2.99594
AACTACTGAGTTTATA,-1.31977
GTCTGACGCGCCCCTC,-0.0734964
GCGTACTCAACTAAAT,-1.24935
AGCCAACTATACCACT,3.3706
TCCGCTGTTCTAGCAA,0.599615
AGGTGGTTCCTTAGAT,0.0780899
TTGCCTATTGTTCCCA,0
GGAAGTGAGTTTTTAC,0.0333506
TAAATTAAACGACATA,0.918046
CTTCCCAAGTTAAACA,3.41815
AGTTATACAATCATTG,-0.0949546
CCACGCTCTAACAATC,-1.33902
TGCACATAAGTCAAAT,0.393012
AATGAATGCTAAAAGC,0.166909
TACTGCTGCCGAATAA,0.536297
GTCTGAAACAAGAAGA,-0.629393
CCGCTCGGGGAGCCAT,0.0124826
GAAGTACACTACGGAC,1.92052
TTGAACGATCAAACAA,-3.33265
TAGTTAATATGTTTAT,0.288905
GATACGAGTTTCGAAG,4.54734
ACGGTCCAGAGCGCAA,-1.61095
ACTTAGGGTGCATCAA,0.17437
AGCACTTCAATTTCCG,0.9276
TTGATTGAACCACCGA,0.930334
CGGCAAATTAATACCC,0.183943
AGTTTTAGTCGAATAC,0.561221
CACTGGCTATGCAAAG,0.612685
GATTAATCAAACGTAA,-1.39942
AGACCATTATAATGTT,0.638686
GAACATATAACAATCC,-2.27374e-13
AAACCATATTTAAAAT,0.251395
TCATGTAACTAGAAAC,1.24813
AGTCATCCCTAAACCT,0.3354
ATACAACCGTTGCTAC,1.26487
TGGACTCTTATTGAGC,0.426348
CGTTGACAGTACAAGG,-0.691029
AAAGTTCAAATGGCAT,-0.768056
AGAAAAAATGATTTTC,-0.905222
TACCAATTATCACAGA,2.39566
AGTTTCCTATCGCTGA,-1.56427
GGTGATCTTACAGACA,-1.53939
ATACCATCCGCCAAAA,0.0319485
GACACCTTTCACAGAT,-0.111578
GATTCACGTGTACAAT,0.0775481
ATCACTTTATCTTTAT,-1.5051
ATACATATTCAGAATG,0
TCCAAGCTTAAAAAAT,-0.403609
TGTTACACAAGATGAC,0.0306845
AGCGGCGTTCATATAT,0.932096
AAGAATCTACTCTAGT,-0.964864
ATAAAGTTGTGTATGA,-0.691029
TTAAGGGCGTGACTTT,1.3848
CGCTAAATAACATAAG,-2.55249
CCTTAACGACGATCGA,1.31967
CCAGCTCTCAGAAGCA,1.41136
GAGTGAGGTGTACCCG,0
CGAATCACTAATCAGT,0.27101
CAAGAAGACCGGACGA,-0.653699
ACACTCTGCAACGCAG,-0.107646
CTATAATAATGTGTAC,-0.457419
TATAAATGTGATATGC,1.2396
ATCATAATATTAAGTA,-0.627246
TACCTTATATGTAAGC,1.13231
ACAACAAGGCCCTCGC,2.43458
TAGATACAGTGGTTTG,-0.139197
TTTGTGAGGAACAAAA,-1.53939
AATTTTGATAACCATG,-1.09063
CAACGTGATTTACTAT,2.29989
ATCCCAGATTAGTATT,-0.742146
ACTAGGAAGGCACCCA,-2.36608
CTTTATAAAGTAGCGT,0.230998
ACCTTTAAAACTATGA,1.01065
CGCTCGTGACCTTTCT,0.572247
TTTTCTCCTACTTATG,-1.29023
CTACAGAGGAGGACTA,0.404938
GATTTAAACAACACAA,1.17236
ATGAAGACAGTATCTT,0.216413
AACACCTTATTATCTA,0.114997
AACGTCAATCTTCTTA,0.986016
CAGCCTTAAATAACTC,0.646357
TAACATAAAATGCACT,-0.357597
ACGCTAACAAAACAAG,-0.0978228
CCTAATAATCAAAAAT,-0.997679
CAAACAGATCAACCAG,-1.89927
GGGTCGTGCGAAATTG,0.529543
CATGCTTTGCCCTTAC,1.37741
ACGAACAGCCTGAATG,-0.396162
TCGTCTCATTGTCAGG,-0.0254741
AATATGTGGTACTCAT,-0.166207
TCTCCTGACATGCTAT,0.333393
CGCTTAAAACAGGCTT,-0.72551
TGTGATTCTGACACAC,2.42788
ATTCAGATGACATGCA,2.60582
AAGTTTTAAATTATGG,0.0410311
CGTCTAAAAACAAAAA,-2.34471
TTATATATCATTAAAG,0.117454
TATATCTTACTAATAA,0.561264
AATAGGTACACGAATT,0.116296
AATACTTCACATGGAA,-0.216676
AATTTGACCATGCCGT,0.607418
CGGAGCATCTACCCCA,0.157747
CCACGTCACCGTTTCA,-0.0158004
AAAACGTGTTAACACA,0.359338
AGGAGCGGCTAGAGGA,1.48754
GTGAAAACAGCAATAC,-0.00749282
TCAAAAAAACATAAGA,1.68498
AAGGTAATTCGACCCA,-1.90385
CTAACACAATTAGCAC,1.14564
CTTTCCCTACAAAGGC,1.32779
TAAGCACTAGCTCTAG,0.33187
ACAATATTAGCACCAG,1.07205
CTTAGTTATAAATTGA,0.0461817
TCCAGCTAAATTCGCA,-0.527536
CCTGTATAAAGTAGGA,-0.0999777
GTACTCCGAAGAGCCC,0.472411
GAACCATAACTACTTT,3.3488
ACAATAACCACAGTAA,-2.77784
GATTAGCATTGAGAAA,-0.413473
GGGACAAATAGCAATT,-0.194174
TAGTGCATCCAAATTT,-1.49751
GAAAGAGAACAACTAT,1.31008
CTATTGTTGCACTCTT,-0.224039
CAGGTGTTAAAATGGC,-1.04688
TCGTATATTCAATAAC,-1.43788
GATAGAATATAGACCA,1.95599
GTGTATAGTTAGGTAA,-3.87406
TCATACTGGTAGACAG,-2.9596
GCCCGACTTAACAAAA,1.09735
AACCAACATTATCACA,0.0324675
CAAGATGTGGCTCTAA,-0.552041
TACTCTATGTAGCTTA,1.47497
TGGGATATAGATTAGG,1.03197
CTGGCTATATAAAAAT,0.0212834
TTAAATCCCCTTAGGA,3.67521
CATTGAGGCGCTGATA,2.27576
GGAATGCAATAGCAGC,0.0807661
TATTAGTCAGTTTCTT,2.40733
ATACAGCAACCGTCTC,0.918046
AAACCCCTTAGAACTG,0.679313
TAAACAAAGACTGAAA,0.0990785
AGGTCTACCTAACATG,1.73866
CACAGGGCTCAAGGAG,-0.00161222
CATATTAAGGCCATAG,0.942871
ATGAACCGTTTAAGTA,0.135734
TGAAAGAGCTCTTCCA,-0.0487271
AAAGGCAGTTCAAACT,-0.00317172
ATTCATACCCATAAGC,-0.0157573
GTTAGAGAGACCGAAA,1.21873
ACAAACTCATAGAGAT,1.00555
ACCCGTACGGTTATGA,1.61514
GTCACCCGCTATTGCC,-0.812221
GGCACTATTATGCAAA,1.10382
GAATATTCTAAAATGC,0.479266
ACACTCTTCAGATGCT,-0.0300423
CAGATAAATCAAACGG,0.851622
GGGTACTTTCGCATGA,-4.62708
AAAAGGAAGTTATCAA,-0.0519718
CATGTAATATCCATAC,0.455508
GACCCAAAGAGCAAGC,0.0268944
GAAAGACTAGACCATT,-0.00965914
ACAAGTAATTCAGACA,-0.877812
TGAAATACTATATGCC,2.07102
AACGCCCATGATTCAT,-0.838038
TCTACGGAGATAAGAT,0.0862655
AGGAGATTCGGGCATA,0.771674
TCCTTTTTGAGACAAG,0.182291
AATCCCTAACATAACA,0.417841
GCGAAAAGCTAGTCTC,-2.74916
GTTAAATAACAAAAAC,1.59036
TTCACTTTGGAAATAT,1.8047
CACAGACCCCCATACG,-0.17036
CAAATCGTGTTCCTAC,-1.87202
AACTAAGAAATCCTAA,-0.0757574
GAGGTGTTTGAAGCTC,-0.128167
GGTCACCCCATCTCGA,1.95477
GTAACTTGTTGTTGAC,0
ATTCGGATCCTAGAGC,-0.874902
CTTGACCAATACAATG,-1.68335
GGCACTAATACGGGTT,2.42053
ACAAATATAGAACCCA,0.135734
ATAAATATATTGCGGC,-0.0589734
GAGCCAGCATTACACC,-0.360019
TTTCTTCCAATAAGGC,3.90515
CGTTAAGAATACAATG,0.0263449
AGCACATACAGTCGAC,0.408884
AACTGCGGGAACAATT,1.69311
CCACTTTCATATAGAT,0.734344
TAAATACGGATTTCGA,-0.201851
TGGTGATGACCCTTAT,-0.778667
TAATGAGGTACACATT,-0.431584
GACGTCGGTATCAAGA,-1.79205
GGATCTATTAAATGAC,2.92643
TCGATCTGATGGGATA,2.2026
AGAGACGCTGAACCTA,1.5952
AACTACGTACTATCAA,0.0928751
GCATGTACGCAAAAAA,0.240302
CAAACATTTAATTTAC,0.423265
CATGCCCCCTAGGCCC,1.15156
CGAAGTCTATCGATGT,1.20479
ATAAAGTGCGGATCTT,2.52996
TTACCAAATGTAAACC,-0.256747
TAACTAATAGTAATAT,0.346955
AATATATCCTATCCAA,-1.43793
TACTAACGGCGATTAA,-0.0128579
GCCGGTAATTTCGGAC,0.626059
CCAATAAGCTCATAGT,0.631412
TGAAGGAAACAGCGCA,0.0876279
AATCTCAAAGTATACA,-0.787019
GAGCTAATAATGGTAC,-1.72004
AGTACCGAACGCCAAG,-2.58154
ACGACCAAGATACAAA,0.68213
ATACGCCAAATTTACA,0.378998
TTACGCAGGCGATTAA,0.141717
AATCCCTTTTGAATAC,-0.0647192
AAAGTATCAGACTAAT,2.05643
ATGTATGGCCTAAAAC,-0.125845
GAGACTAATGGGCTAG,1.88879
CTGACACGATCCCATA,-0.895766
TGTATCATATTAATAC,-0.840033
GAATATTAATGCAAGC,0.689946
GGGATTGGTTTCAAAA,0.585807
GTACACTGATAGCTGT,0
AGATTGCAACTCCATC,-0.849804
AGAAATAACACTCATG,-0.605001
TTTAAATTAAATTATA,3.87301
TAACTTACGTCTGGGG,-1.17231
TGTGTCAAAGTTTTTA,1.60188
ACCCAAGGAACTCCTG,-0.533963
GATAATATGTCAAAAC,1.14072
CCAGACTTAACCCTTA,-0.780512
AAGGTAGAGTGAGTAA,0.216413
GGAAGTAGATGCTACT,0.835515
GTAAAATTGTCTAACT,-0.836528
TTCCGGTGCCATACCC,-2.77722
CATCAGATCCTCCAAG,0.09541
GGCAACCGTAGGCGCG,-0.839899
AACATTTAAAAGATTT,-0.909828
AAATATAAGGAGAAAA,0.0240171
CAAAACGGCGAAATAA,-0.68082
CACCGTATCTAAAGAG,0.171438
AAAAAATTTTGCGACC,-0.000232245
CCAGCTCCCCATTTTC,0.794396
GACTTACTAGAAATGC,0.752627
TTACGATCAAGAGGTA,0.43744
CCAACATGAACAGACA,-1.10349
GTAGATACTTTAAATT,0
GTCTAACCATAATGAG,-0.115601
TTGAATCAGGTACTCA,1.14435
TATACAACTATTAAGA,-2.04641
CATCCTACGACTTTAC,-1.09921
AAATCTCACAAGGAAA,1.72342
TGAGGAATTAGATGTG,0.337453
ATAACAGTGGTGAACC,0.661809
ACATGTTGTCGGTTAA,0.0590814
CACCTTTAGAAACCCC,-1.94968
TTTGCATAAACACACT,-0.478704
ATATTTAGAATGAGAT,0.336972
AAAAGATGACTTTGTA,1.81685
AATAAAATTCACGATT,0.879
AGTAATGCAGATAAAC,-0.0646064
AGGACCGTAGCAAGAC,-0.0368458
TAAAATTAAAACCAAT,1.9585
AGTCGATAATTAATGC,-2.19854
AGTACACGAGTTAAGT,0.052749
CGGAATTCAACAGTAT,-1.78183
ACTGCGACTCCCACGA,-2.68184
AAGTTAACGGAGGTGG,1.52638
GCCTTTCTAATATGTA,-0.966395
TGAATTCTATTAGAAA,0.778255
GTTTCACTTTCTACAA,-0.342083
CAACGGCTTTAAAGAG,0.548143
TAAATAGAGAATTCAT,2.28773
AAGACCACTCCAAGTA,-1.74798
TAGTTGTATTCCCCTG,1.79434
CTCCACTAAATCAAGG,-1.7072
AAGGGATAGTCCCACC,-1.24649
CATATGCAAAATTAAA,-0.797645
GATAACCCTAAATACC,-0.546012
CTCATGCGTATAGACT,0.150405
AGATAATAATTTCTGA,0.453859
ACACTTTCGACCACCC,-0.0655162
TGTTAAATCAAAGCAG,-0.00214066
ACAACACCCAGTTGAT,5.07368
GAAGCATTAAGGACAT,0.171364
AGAAACGCAAACTGAA,0
ATAACTATTGTTCCGG,1.55751
TATCCGTGTTTAAACT,0.212545
GTCAAATATTACCTTC,2.37563
AACGCTACAAATCCAC,-0.413473
GAAGATCCAATTGAAT,0.579624
CCGGATAAATACTACA,-0.0479944
CGAACAGTACGCTTAT,-1.3765
TAAGTGGAATAAGAAA,2.03358
GCTACATGGAAATCTG,0.0522311
TTTATATCCTGGGACT,2.96331
TATAAAAAGGAGATAA,0
GATACAAAATCAAGAA,1.11557
CTGGCGTTCTGGTATT,-4.61946
TGAAAAAAGCCAAGCC,-0.0320209
AACACTTCTCTATGAA,0.511536
TACATGAGTTAAACCT,-1.61287
TCCTACTAACCTCACA,0.977574
CCCATGTAATTGTCGA,0.0813744
GTGATGACACACCCGA,-0.04743
AGCCCTATATCTTTAC,0
GCAGAAGCCAAGCAAA,0.871049
CACAAAAATTGCGAAA,0.72059
TATACATAGAAACCCA,1.54427
TCGAACGGTCACATTA,-0.128298
CTACTTTCCATACACG,-0.344562
GTAACTATTTCCCATA,-0.252873
ACAATGGTAGAAATAC,0
CGCCAGAATGACCTTG,-0.0287999
CTCTAATTAACTTCCA,0.212545
TTATCAATGTAAGCCT,-0.0531044
CATTGTAACCAACTAC,-1.04465
CAGAATCAATAGCAGA,-0.478704
AGACTTATTAAACAAA,-0.874366
AGAGTTCTCCAAAACA,0.0493566
GTACGTCTTCCTTCTA,1.63371
ACGCATCACCTTCTGG,-1.18864
CAACCGCTCCTCATGA,0.0235498
TTATTGGGTTAACCGC,0.948802
CAAGTGTGCGCCCCAG,0.942242
GGTCAGACTAAGAGCG,2.44213
GAATGTACTTATTTGC,-0.690091
